TDSFU Daily run: Sun Oct 19 06:11:36 UTC 2025 TDSFU
TDSFU Daily run: Mon Oct 20 04:36:09 UTC 2025 TDSFU
TDSFU Daily run: Tue Oct 21 04:33:59 UTC 2025 TDSFU
TDSFU Daily run: Wed Oct 22 04:35:06 UTC 2025 TDSFU
TDSFU Daily run: Thu Oct 23 04:33:29 UTC 2025 TDSFU
TDSFU Daily run: Fri Oct 24 04:33:07 UTC 2025 TDSFU
TDSFU Daily run: Sat Oct 25 04:32:23 UTC 2025 TDSFU
TDSFU Daily run: Sun Oct 26 04:32:40 UTC 2025 TDSFU
TDSFU Daily run: Mon Oct 27 04:41:05 UTC 2025 TDSFU
TDSFU Daily run: Tue Oct 28 04:34:14 UTC 2025 TDSFU
TDSFU Daily run: Wed Oct 29 04:38:48 UTC 2025 TDSFU
TDSFU Daily run: Thu Oct 30 04:33:45 UTC 2025 TDSFU
TDSFU Daily run: Fri Oct 31 04:35:53 UTC 2025 TDSFU
TDSFU Daily run: Sat Nov  1 04:31:55 UTC 2025 TDSFU
TDSFU Daily run: Sun Nov  2 04:34:32 UTC 2025 TDSFU
TDSFU Daily run: Mon Nov  3 04:40:23 UTC 2025 TDSFU
TDSFU Daily run: Tue Nov  4 04:34:21 UTC 2025 TDSFU
TDSFU Daily run: Wed Nov  5 04:34:47 UTC 2025 TDSFU
TDSFU Daily run: Thu Nov  6 04:38:55 UTC 2025 TDSFU
TDSFU Daily run: Fri Nov  7 04:34:31 UTC 2025 TDSFU
TDSFU Daily run: Sat Nov  8 04:32:40 UTC 2025 TDSFU
TDSFU Daily run: Sun Nov  9 04:33:19 UTC 2025 TDSFU
TDSFU Daily run: Mon Nov 10 04:38:41 UTC 2025 TDSFU
TDSFU Daily run: Tue Nov 11 04:36:28 UTC 2025 TDSFU
TDSFU Daily run: Wed Nov 12 04:35:59 UTC 2025 TDSFU
TDSFU Daily run: Thu Nov 13 04:37:40 UTC 2025 TDSFU
TDSFU Daily run: Fri Nov 14 04:35:36 UTC 2025 TDSFU
TDSFU Daily run: Sat Nov 15 04:33:27 UTC 2025 TDSFU
TDSFU Daily run: Sun Nov 16 04:37:08 UTC 2025 TDSFU
TDSFU Daily run: Mon Nov 17 04:38:41 UTC 2025 TDSFU
TDSFU Daily run: Tue Nov 18 04:35:45 UTC 2025 TDSFU
TDSFU Daily run: Wed Nov 19 04:36:01 UTC 2025 TDSFU
TDSFU Daily run: Thu Nov 20 04:34:18 UTC 2025 TDSFU
TDSFU Daily run: Fri Nov 21 04:35:40 UTC 2025 TDSFU
TDSFU Daily run: Sat Nov 22 04:33:21 UTC 2025 TDSFU
TDSFU Daily run: Sun Nov 23 04:44:14 UTC 2025 TDSFU
TDSFU Daily run: Mon Nov 24 04:45:32 UTC 2025 TDSFU
TDSFU Daily run: Tue Nov 25 04:38:47 UTC 2025 TDSFU
TDSFU Daily run: Wed Nov 26 04:38:24 UTC 2025 TDSFU
TDSFU Daily run: Thu Nov 27 04:36:22 UTC 2025 TDSFU
TDSFU Daily run: Fri Nov 28 04:36:23 UTC 2025 TDSFU
TDSFU Daily run: Sat Nov 29 04:35:30 UTC 2025 TDSFU
TDSFU Daily run: Sun Nov 30 04:45:44 UTC 2025 TDSFU
TDSFU Daily run: Mon Dec  1 04:57:21 UTC 2025 TDSFU
TDSFU Daily run: Tue Dec  2 04:43:14 UTC 2025 TDSFU
TDSFU Daily run: Wed Dec  3 04:40:57 UTC 2025 TDSFU
TDSFU Daily run: Thu Dec  4 04:42:17 UTC 2025 TDSFU
TDSFU Daily run: Fri Dec  5 04:41:41 UTC 2025 TDSFU
